time_utc_iso,twl_ft_mllw,tide_ft_mllw,surge_ft,src_time
2026-03-29T12:00:00.000Z,2.929,2.764,0,202603291200
2026-03-29T13:00:00.000Z,2.059,1.699,0,202603291300
2026-03-29T14:00:00.000Z,1.151,0.635,0,202603291400
2026-03-29T15:00:00.000Z,0.278,-0.054,0,202603291500
2026-03-29T16:00:00.000Z,-0.239,-0.05,0,202603291600
2026-03-29T17:00:00.000Z,-0.059,0.59,0,202603291700
2026-03-29T18:00:00.000Z,0.659,1.573,0,202603291800
2026-03-29T19:00:00.000Z,1.459,2.644,0,202603291900
2026-03-29T20:00:00.000Z,2.338,3.63,0,202603292000
2026-03-29T21:00:00.000Z,3.158,4.314,-0.1,202603292100
2026-03-29T22:00:00.000Z,3.709,4.458,-0.1,202603292200
2026-03-29T23:00:00.000Z,3.568,3.998,-0.1,202603292300
2026-03-30T00:00:00.000Z,2.968,3.129,-0.1,202603300000
2026-03-30T01:00:00.000Z,2.128,2.072,-0.1,202603300100
2026-03-30T02:00:00.000Z,1.22,0.993,-0.2,202603300200
2026-03-30T03:00:00.000Z,0.331,0.194,-0.2,202603300300
2026-03-30T04:00:00.000Z,-0.39,0.032,-0.2,202603300400
2026-03-30T05:00:00.000Z,-0.37,0.553,-0.3,202603300500
2026-03-30T06:00:00.000Z,0.38,1.486,-0.2,202603300600
2026-03-30T07:00:00.000Z,1.338,2.538,-0.2,202603300700
2026-03-30T08:00:00.000Z,2.41,3.533,-0.2,202603300800
2026-03-30T09:00:00.000Z,3.348,4.311,-0.2,202603300900
2026-03-30T10:00:00.000Z,3.929,4.64,-0.2,202603301000
2026-03-30T11:00:00.000Z,3.827,4.366,-0.2,202603301100
2026-03-30T12:00:00.000Z,3.24,3.592,-0.2,202603301200
2026-03-30T13:00:00.000Z,2.469,2.544,-0.3,202603301300
2026-03-30T14:00:00.000Z,1.571,1.375,-0.3,202603301400
2026-03-30T15:00:00.000Z,0.669,0.309,-0.3,202603301500
2026-03-30T16:00:00.000Z,-0.219,-0.252,-0.4,202603301600
2026-03-30T17:00:00.000Z,-0.81,-0.068,-0.5,202603301700
2026-03-30T18:00:00.000Z,-0.639,0.721,-0.4,202603301800
2026-03-30T19:00:00.000Z,0.141,1.812,-0.4,202603301900
2026-03-30T20:00:00.000Z,1.17,2.973,-0.4,202603302000
2026-03-30T21:00:00.000Z,2.2,4.016,-0.4,202603302100
2026-03-30T22:00:00.000Z,3.168,4.676,-0.5,202603302200
2026-03-30T23:00:00.000Z,3.86,4.697,-0.5,202603302300
2026-03-31T00:00:00.000Z,3.65,4.065,-0.4,202603310000
2026-03-31T01:00:00.000Z,2.869,3.028,-0.4,202603310100
2026-03-31T02:00:00.000Z,1.8,1.836,-0.5,202603310200
2026-03-31T03:00:00.000Z,0.819,0.699,-0.5,202603310300
2026-03-31T04:00:00.000Z,-0.111,-0.038,-0.5,202603310400
2026-03-31T05:00:00.000Z,-0.688,-0.069,-0.6,202603310500
2026-03-31T06:00:00.000Z,-0.488,0.569,-0.5,202603310600
2026-03-31T07:00:00.000Z,0.38,1.582,-0.5,202603310700
2026-03-31T08:00:00.000Z,1.308,2.698,-0.5,202603310800
2026-03-31T09:00:00.000Z,2.377,3.739,-0.5,202603310900
2026-03-31T10:00:00.000Z,3.26,4.496,-0.5,202603311000
2026-03-31T11:00:00.000Z,3.949,4.706,-0.5,202603311100
2026-03-31T12:00:00.000Z,3.998,4.257,-0.5,202603311200
2026-03-31T13:00:00.000Z,3.299,3.322,-0.5,202603311300
2026-03-31T14:00:00.000Z,2.328,2.167,-0.5,202603311400
2026-03-31T15:00:00.000Z,1.259,0.977,-0.5,202603311500
2026-03-31T16:00:00.000Z,0.2,0.019,-0.5,202603311600
2026-03-31T17:00:00.000Z,-0.619,-0.334,-0.5,202603311700
2026-03-31T18:00:00.000Z,-0.849,0.061,-0.4,202603311800
2026-03-31T19:00:00.000Z,-0.288,1.01,-0.4,202603311900
2026-03-31T20:00:00.000Z,0.708,2.211,-0.4,202603312000
2026-03-31T21:00:00.000Z,1.738,3.431,-0.4,202603312100
2026-03-31T22:00:00.000Z,2.748,4.448,-0.4,202603312200
2026-03-31T23:00:00.000Z,3.68,4.969,-0.4,202603312300
2026-04-01T00:00:00.000Z,4.178,4.771,-0.4,202604010000
2026-04-01T01:00:00.000Z,3.788,3.927,-0.3,202604010100
2026-04-01T02:00:00.000Z,2.899,2.743,-0.3,202604010200
2026-04-01T03:00:00.000Z,1.781,1.485,-0.3,202604010300
2026-04-01T04:00:00.000Z,0.678,0.387,-0.3,202604010400
2026-04-01T05:00:00.000Z,-0.268,-0.21,-0.4,202604010500
2026-04-01T06:00:00.000Z,-0.78,-0.069,-0.4,202604010600
2026-04-01T07:00:00.000Z,-0.449,0.706,-0.4,202604010700
2026-04-01T08:00:00.000Z,0.459,1.812,-0.4,202604010800
2026-04-01T09:00:00.000Z,1.489,2.974,-0.4,202604010900
2026-04-01T10:00:00.000Z,2.509,3.989,-0.4,202604011000
2026-04-01T11:00:00.000Z,3.407,4.621,-0.4,202604011100
2026-04-01T12:00:00.000Z,3.978,4.626,-0.3,202604011200
2026-04-01T13:00:00.000Z,3.87,3.97,-0.2,202604011300
2026-04-01T14:00:00.000Z,3.188,2.903,-0.2,202604011400
2026-04-01T15:00:00.000Z,2.289,1.716,-0.2,202604011500
2026-04-01T16:00:00.000Z,1.308,0.604,-0.1,202604011600
2026-04-01T17:00:00.000Z,0.36,-0.161,-0.1,202604011700
2026-04-01T18:00:00.000Z,-0.331,-0.262,-0.1,202604011800
2026-04-01T19:00:00.000Z,-0.331,0.36,-0.1,202604011900
2026-04-01T20:00:00.000Z,0.449,1.467,-0.1,202604012000
2026-04-01T21:00:00.000Z,1.489,2.742,-0.1,202604012100
2026-04-01T22:00:00.000Z,2.65,3.935,0,202604012200
2026-04-01T23:00:00.000Z,3.719,4.81,0,202604012300
2026-04-02T00:00:00.000Z,4.569,5.093,0,202604020000
2026-04-02T01:00:00.000Z,4.578,4.637,0,202604020100
2026-04-02T02:00:00.000Z,3.827,3.603,0,202604020200
2026-04-02T03:00:00.000Z,2.82,2.338,0,202604020300
2026-04-02T04:00:00.000Z,1.767,1.102,0.1,202604020400
2026-04-02T05:00:00.000Z,0.849,0.123,0.3,202604020500
2026-04-02T06:00:00.000Z,0.049,-0.282,0.3,202604020600
2026-04-02T07:00:00.000Z,-0.219,0.058,0.5,202604020700
2026-04-02T08:00:00.000Z,0.57,0.985,0.6,202604020800
2026-04-02T09:00:00.000Z,1.508,2.159,0.7,202604020900
2026-04-02T10:00:00.000Z,2.679,3.295,0.7,202604021000
2026-04-02T11:00:00.000Z,3.65,4.185,0.8,202604021100
2026-04-02T12:00:00.000Z,4.48,4.608,0.6,202604021200
2026-04-02T13:00:00.000Z,4.998,4.376,0.6,202604021300
2026-04-02T14:00:00.000Z,4.7,3.542,0.7,202604021400
2026-04-02T15:00:00.000Z,3.968,2.415,0.8,202604021500
2026-04-02T16:00:00.000Z,2.889,1.284,0.8,202604021600
2026-04-02T17:00:00.000Z,1.948,0.328,0.9,202604021700
2026-04-02T18:00:00.000Z,1.17,-0.193,0.9,202604021800
2026-04-02T19:00:00.000Z,0.659,-0.019,0.9,202604021900
2026-04-02T20:00:00.000Z,0.849,0.831,1,202604022000
2026-04-02T21:00:00.000Z,1.708,2.055,1,202604022100
2026-04-02T22:00:00.000Z,2.768,3.313,1.1,202604022200
2026-04-02T23:00:00.000Z,3.949,4.364,1.1,202604022300
2026-04-03T00:00:00.000Z,5.008,5.003,1,202604030000
2026-04-03T01:00:00.000Z,5.618,5.008,1,202604030100
2026-04-03T02:00:00.000Z,5.349,4.314,1,202604030200
2026-04-03T03:00:00.000Z,4.539,3.159,0.9,202604030300
2026-04-03T04:00:00.000Z,3.417,1.897,0.9,202604030400
2026-04-03T05:00:00.000Z,2.25,0.755,0.9,202604030500
2026-04-03T06:00:00.000Z,1.269,-0.048,0.8,202604030600
2026-04-03T07:00:00.000Z,0.478,-0.22,0.7,202604030700
2026-04-03T08:00:00.000Z,0.268,0.34,0.7,202604030800
2026-04-03T09:00:00.000Z,1.049,1.39,0.7,202604030900
2026-04-03T10:00:00.000Z,1.918,2.555,0.7,202604031000
2026-04-03T11:00:00.000Z,2.86,3.565,0.6,202604031100
2026-04-03T12:00:00.000Z,3.944,4.25,0.5,202604031200
2026-04-03T13:00:00.000Z,4.54,4.435,0.5,202604031300
2026-04-03T14:00:00.000Z,4.532,3.991,0.5,202604031400
2026-04-03T15:00:00.000Z,3.944,3.047,0.5,202604031500
2026-04-03T16:00:00.000Z,2.919,1.945,0.4,202604031600
2026-04-03T17:00:00.000Z,1.787,0.938,0.3,202604031700
2026-04-03T18:00:00.000Z,0.834,0.186,0.3,202604031800
2026-04-03T19:00:00.000Z,0.227,-0.058,0.3,202604031900
2026-04-03T20:00:00.000Z,0.206,0.399,0.3,202604032000
2026-04-03T21:00:00.000Z,0.766,1.433,0.3,202604032100
2026-04-03T22:00:00.000Z,1.68,2.677,0.3,202604032200
2026-04-03T23:00:00.000Z,2.603,3.801,0.2,202604032300
2026-04-04T00:00:00.000Z,3.489,4.622,0.1,202604040000
2026-04-04T01:00:00.000Z,4.177,4.989,0,202604040100
2026-04-04T02:00:00.000Z,4.501,4.736,0,202604040200
2026-04-04T03:00:00.000Z,4.08,3.869,-0.1,202604040300
2026-04-04T04:00:00.000Z,3.241,2.676,-0.1,202604040400
2026-04-04T05:00:00.000Z,2.153,1.488,-0.1,202604040500
2026-04-04T06:00:00.000Z,0.905,0.492,-0.2,202604040600
2026-04-04T07:00:00.000Z,-0.063,-0.087,-0.2,202604040700
2026-04-04T08:00:00.000Z,-0.514,0.004,-0.2,202604040800
2026-04-04T09:00:00.000Z,-0.368,0.759,-0.3,202604040900
2026-04-04T10:00:00.000Z,0.42,1.848,-0.3,202604041000
2026-04-04T11:00:00.000Z,1.435,2.903,-0.3,202604041100
2026-04-04T12:00:00.000Z,2.415,3.712,-0.3,202604041200
2026-04-04T13:00:00.000Z,3.184,4.169,-0.3,202604041300
2026-04-04T14:00:00.000Z,3.641,4.138,-0.2,202604041400
2026-04-04T15:00:00.000Z,3.418,3.543,-0.2,202604041500
2026-04-04T16:00:00.000Z,2.81,2.568,-0.1,202604041600
2026-04-04T17:00:00.000Z,1.912,1.552,-0.1,202604041700
2026-04-04T18:00:00.000Z,1.135,0.71,0,202604041800
2026-04-04T19:00:00.000Z,0.425,0.199,0,202604041900
2026-04-04T20:00:00.000Z,0.214,0.251,0.1,202604042000
2026-04-04T21:00:00.000Z,0.649,0.952,0.3,202604042100
2026-04-04T22:00:00.000Z,1.422,2.066,0.4,202604042200
2026-04-04T23:00:00.000Z,2.496,3.209,0.6,202604042300
2026-04-05T00:00:00.000Z,3.507,4.115,0.7,202604050000
2026-04-05T01:00:00.000Z,4.357,4.678,0.7,202604050100
2026-04-05T02:00:00.000Z,5.051,4.796,0.8,202604050200
2026-04-05T03:00:00.000Z,5.12,4.345,0.8,202604050300
2026-04-05T04:00:00.000Z,4.59,3.384,0.8,202604050400
2026-04-05T05:00:00.000Z,3.684,2.223,0.8,202604050500
2026-04-05T06:00:00.000Z,2.738,1.154,0.9,202604050600
2026-04-05T07:00:00.000Z,1.71,0.354,0.9,202604050700
2026-04-05T08:00:00.000Z,0.969,0.039,0.9,202604050800
2026-04-05T09:00:00.000Z,0.818,0.378,0.9,202604050900
2026-04-05T10:00:00.000Z,1.183,1.238,0.8,202604051000
2026-04-05T11:00:00.000Z,2.006,2.259,0.8,202604051100
2026-04-05T12:00:00.000Z,2.889,3.128,0.8,202604051200
2026-04-05T13:00:00.000Z,3.557,3.719,0.7,202604051300
2026-04-05T14:00:00.000Z,3.989,3.976,0.6,202604051400
2026-04-05T15:00:00.000Z,4.009,3.785,0.5,202604051500
2026-04-05T16:00:00.000Z,3.524,3.107,0.4,202604051600
2026-04-05T17:00:00.000Z,2.798,2.158,0.4,202604051700
2026-04-05T18:00:00.000Z,1.921,1.264,0.3,202604051800
2026-04-05T19:00:00.000Z,1.157,0.622,0.2,202604051900
2026-04-05T20:00:00.000Z,0.615,0.38,0.1,202604052000
2026-04-05T21:00:00.000Z,0.546,0.697,0.1,202604052100
2026-04-05T22:00:00.000Z,0.811,1.538,0,202604052200
2026-04-05T23:00:00.000Z,1.503,2.609,0,202604052300
2026-04-06T00:00:00.000Z,2.333,3.566,0,202604060000
2026-04-06T01:00:00.000Z,3.139,4.231,0,202604060100
2026-04-06T02:00:00.000Z,3.798,4.566,0,202604060200
2026-04-06T03:00:00.000Z,4.141,4.495,0,202604060300
2026-04-06T04:00:00.000Z,3.888,3.916,-0.1,202604060400
2026-04-06T05:00:00.000Z,3.245,2.925,-0.1,202604060500
2026-04-06T06:00:00.000Z,2.232,1.84,-0.2,202604060600
2026-04-06T07:00:00.000Z,1.28,0.937,-0.2,202604060700
2026-04-06T08:00:00.000Z,0.568,0.376,-0.1,202604060800
2026-04-06T09:00:00.000Z,0.125,0.319,-0.1,202604060900
2026-04-06T10:00:00.000Z,0.215,0.818,-0.1,202604061000
2026-04-06T11:00:00.000Z,0.769,1.672,-0.1,202604061100
2026-04-06T12:00:00.000Z,1.524,2.548,-0.1,202604061200
2026-04-06T13:00:00.000Z,2.224,3.216,-0.1,202604061300
2026-04-06T14:00:00.000Z,2.75,3.622,-0.1,202604061400
2026-04-06T15:00:00.000Z,3.05,3.736,-0.1,202604061500
2026-04-06T16:00:00.000Z,3.009,3.446,-0.1,202604061600
2026-04-06T17:00:00.000Z,2.66,2.73,0,202604061700
2026-04-06T18:00:00.000Z,1.996,1.839,0,202604061800
2026-04-06T19:00:00.000Z,1.393,1.102,0,202604061900
2026-04-06T20:00:00.000Z,0.958,0.691,0,202604062000
2026-04-06T21:00:00.000Z,0.716,0.698,0,202604062100
2026-04-06T22:00:00.000Z,0.675,1.183,-0.1,202604062200
2026-04-06T23:00:00.000Z,1.121,2.039,-0.1,202604062300
2026-04-07T00:00:00.000Z,1.855,2.98,-0.1,202604070000
2026-04-07T01:00:00.000Z,2.618,3.729,-0.1,202604070100
2026-04-07T02:00:00.000Z,3.23,4.189,-0.1,202604070200
2026-04-07T03:00:00.000Z,3.651,4.361,-0.1,202604070300
2026-04-07T04:00:00.000Z,3.698,4.169,-0.2,202604070400
2026-04-07T05:00:00.000Z,3.402,3.514,-0.2,202604070500
2026-04-07T06:00:00.000Z,2.785,2.53,-0.1,202604070600
2026-04-07T07:00:00.000Z,1.933,1.565,-0.1,202604070700
2026-04-07T08:00:00.000Z,1.188,0.871,-0.1,202604070800
2026-04-07T09:00:00.000Z,0.744,0.546,0,202604070900
2026-04-07T10:00:00.000Z,0.523,0.665,0,202604071000
2026-04-07T11:00:00.000Z,0.742,1.211,0,202604071100
2026-04-07T12:00:00.000Z,1.307,1.981,0,202604071200
2026-04-07T13:00:00.000Z,1.825,2.695,-0.1,202604071300
2026-04-07T14:00:00.000Z,2.383,3.199,0,202604071400
2026-04-07T15:00:00.000Z,2.691,3.484,0,202604071500
2026-04-07T16:00:00.000Z,2.865,3.515,0,202604071600
2026-04-07T17:00:00.000Z,2.871,3.161,0,202604071700
2026-04-07T18:00:00.000Z,2.14,2.43,0,202604071800
